{
  "test/testsuite.qunit.js": 1710240206441,
  "test/integration/pages/RisksObjectPage.js": 1710240206465,
  "test/integration/pages/RisksList.js": 1710240206465,
  "test/integration/opaTests.qunit.js": 1710240206441,
  "test/integration/FirstJourney.js": 1710240206465,
  "i18n/i18n.properties": 1710240278756,
  "xs-app.json": 1710256124533,
  "manifest.json": 1710256124581,
  "Component.js": 1710240206433,
  "test/integration/pages/RisksList-dbg.js": 1710240206465,
  "test/integration/pages/RisksList.js.map": 1710265068229,
  "test/integration/pages/RisksObjectPage-dbg.js": 1710240206465,
  "test/integration/pages/RisksObjectPage.js.map": 1710265068201,
  "test/integration/opaTests.qunit-dbg.js": 1710240206441,
  "test/integration/opaTests.qunit.js.map": 1710265068235,
  "test/integration/FirstJourney-dbg.js": 1710240206465,
  "test/integration/FirstJourney.js.map": 1710265068236,
  "test/testsuite.qunit-dbg.js": 1710240206441,
  "test/testsuite.qunit.js.map": 1710265068224,
  "Component-dbg.js": 1710240206433,
  "Component.js.map": 1710265068226,
  "Component-preload.js": 1710265068325,
  "Component-preload.js.map": 1710265068326,
  "test/integration/opaTests.qunit.html": 1710240206441,
  "test/testsuite.qunit.html": 1710240206441,
  "test/flpSandbox.html": 1710240206441,
  "index.html": 1710240206433
}